name,website
108 Group,https://www.caffecultureshow.com/exhibitors/108-group
Alpro,https://www.caffecultureshow.com/exhibitors/alpro
Beverage Standards Association,https://www.caffecultureshow.com/exhibitors/bsa
Birchall Tea,https://www.caffecultureshow.com/exhibitors/birchall-tea
Boughton's Coffee House,https://www.caffecultureshow.com/exhibitors/boughtons-coffee-house
Caffe Carraro,https://www.caffecultureshow.com/exhibitors/caffe-carraro
Caravan Coffee Roasters,https://www.caffecultureshow.com/exhibitors/caravan-coffee-roasters
Chapter Coffee,https://www.caffecultureshow.com/exhibitors/chapter-coffee
Coffee Hit,https://www.caffecultureshow.com/exhibitors/coffee-hit
Common Coffee,https://www.caffecultureshow.com/exhibitors/common-coffee
Compak,https://www.caffecultureshow.com/exhibitors/compak
Conti,https://www.caffecultureshow.com/exhibitors/conti
Copperhouse Chocolate,https://www.caffecultureshow.com/exhibitors/copperhouse-chocolate
Creative Nature,https://www.caffecultureshow.com/exhibitors/creative-nature
Crosby Coffee,https://www.caffecultureshow.com/exhibitors/crosby-coffee
Cuppers Choice,https://www.caffecultureshow.com/exhibitors/cuppers-choice
DCA Equipment,https://www.caffecultureshow.com/exhibitors/dca-equipment
DRWakefield,https://www.caffecultureshow.com/exhibitors/drwakefield
Edoni Refirgeration,https://www.caffecultureshow.com/exhibitors/edoni-refirgeration
European Speciality Tea Association,https://www.caffecultureshow.com/exhibitors/european-speciality-tea-association
European Water Care,https://www.caffecultureshow.com/exhibitors/european-water-care
Exmouth Coffee Roasters,https://www.caffecultureshow.com/exhibitors/exmouth-coffee-roasters
Ferrero Food Services,https://www.caffecultureshow.com/exhibitors/ferrero-food-services
Foundation Roasters,https://www.caffecultureshow.com/exhibitors/foundation-roasters
Garage Coffee Roasters,https://www.caffecultureshow.com/exhibitors/garage-coffee-roasters
Glebe Farm Foods,https://www.caffecultureshow.com/exhibitors/glebe-farm-foods
Gold Box,https://www.caffecultureshow.com/exhibitors/gold-box
Good Life Coffee,https://www.caffecultureshow.com/exhibitors/good-life-coffee
Hasbean,https://www.caffecultureshow.com/exhibitors/hasbean
Heavenly Cakes,https://www.caffecultureshow.com/exhibitors/heavenly-cakes
Huski Chocolate,https://www.caffecultureshow.com/exhibitors/huski-chocolate
International Trade Centre (ITC),https://www.caffecultureshow.com/exhibitors/international-trade-centre-itc
iSqueeze Ltd,https://www.caffecultureshow.com/exhibitors/isqueeze-ltd
Kriket,https://www.caffecultureshow.com/exhibitors/kriket
La Spaziale,https://www.caffecultureshow.com/exhibitors/la-spaziale
Labelling Solutions,https://www.caffecultureshow.com/exhibitors/labelling-solutions
Lavazza,https://www.caffecultureshow.com/exhibitors/lavazza
London Grade Coffee,https://www.caffecultureshow.com/exhibitors/london-grade-coffee
NaturePac,https://www.caffecultureshow.com/exhibitors/naturepac
Nelson Catering Equipment,https://www.caffecultureshow.com/exhibitors/nelson-catering-equipment
Ozone Coffee,https://www.caffecultureshow.com/exhibitors/ozone-coffee
Pact Coffee,https://www.caffecultureshow.com/exhibitors/pact-coffee
Pekoe Tea,https://www.caffecultureshow.com/exhibitors/pekoe-tea
Pharmacie Coffee,https://www.caffecultureshow.com/exhibitors/pharmacie-coffee
Polypouch UK,https://www.caffecultureshow.com/exhibitors/polypouch-uk
Redemption Food,https://www.caffecultureshow.com/exhibitors/redemption-food
Rounton Coffee,https://www.caffecultureshow.com/exhibitors/rounton-coffee
Simply Seedz,https://www.caffecultureshow.com/exhibitors/simply-seedz
Speciality Coffee Association,https://www.caffecultureshow.com/exhibitors/speciality-coffee-association
Sweet Doris,https://www.caffecultureshow.com/exhibitors/sweet-doris
The Caramel Tart Company,https://www.caffecultureshow.com/exhibitors/caramel-tart
The Good Till Company,https://www.caffecultureshow.com/exhibitors/the-good-till-company
The Metropolitan Tea,https://www.caffecultureshow.com/exhibitors/the-metropolitan-tea
Toper Coffee Roaster,https://www.caffecultureshow.com/exhibitors/pennine-tea--coffee
Ue Coffee Roasters,https://www.caffecultureshow.com/exhibitors/ue-coffee-roasters
Veg of Lund,https://www.caffecultureshow.com/exhibitors/veg-of-lund
Victoria Arduino,https://www.caffecultureshow.com/exhibitors/victoria-arduino
VortX EcoFilter,https://www.caffecultureshow.com/exhibitors/vortx-ecofilter
Yumchaa,https://www.caffecultureshow.com/exhibitors/aviator-coffee
