name,website,actual-website,address
Alpro,https://www.caffecultureshow.com/exhibitors/alpro,http://www.alpro.com/uk/barista,"
United Kingdom"
Beverage Standards Association,https://www.caffecultureshow.com/exhibitors/bsa,http://www.beveragestandardsassociation.co.uk,"
United Kingdom"
Birchall Tea,https://www.caffecultureshow.com/exhibitors/birchall-tea,website,"
United Kingdom"
Boughton's Coffee House,https://www.caffecultureshow.com/exhibitors/boughtons-coffee-house,http://www.boughtonscoffeehouse.com,"
United Kingdom"
Caffe Carraro,https://www.caffecultureshow.com/exhibitors/caffe-carraro,http://www.carraro1927.com,"
United Kingdom"
Caravan Coffee Roasters,https://www.caffecultureshow.com/exhibitors/caravan-coffee-roasters,https://www.caravancoffeeroasters.co.uk/,"
United Kingdom"
Chapter Coffee,https://www.caffecultureshow.com/exhibitors/chapter-coffee,website,"
United Kingdom"
Coffee Hit,https://www.caffecultureshow.com/exhibitors/coffee-hit,website,"
United Kingdom"
Common Coffee,https://www.caffecultureshow.com/exhibitors/common-coffee,website,"
United Kingdom"
Compak,https://www.caffecultureshow.com/exhibitors/compak,website,"
United Kingdom"
Conti,https://www.caffecultureshow.com/exhibitors/conti,website,"
United Kingdom"
Copperhouse Chocolate,https://www.caffecultureshow.com/exhibitors/copperhouse-chocolate,website,"
United Kingdom"
Creative Nature,https://www.caffecultureshow.com/exhibitors/creative-nature,website,"
United Kingdom"
Crosby Coffee,https://www.caffecultureshow.com/exhibitors/crosby-coffee,http://www.crosbycoffee.co.uk,"
United Kingdom"
Cuppers Choice,https://www.caffecultureshow.com/exhibitors/cuppers-choice,website,"
United Kingdom"
DCA Equipment,https://www.caffecultureshow.com/exhibitors/dca-equipment,website,"
United Kingdom"
DRWakefield,https://www.caffecultureshow.com/exhibitors/drwakefield,website,"
United Kingdom"
Edoni Refirgeration,https://www.caffecultureshow.com/exhibitors/edoni-refirgeration,website,"
United Kingdom"
European Speciality Tea Association,https://www.caffecultureshow.com/exhibitors/european-speciality-tea-association,http://www.specialityteaeurope.com,"
United Kingdom"
European Water Care,https://www.caffecultureshow.com/exhibitors/european-water-care,http://www.watercare.co.uk,"
United Kingdom"
Exmouth Coffee Roasters,https://www.caffecultureshow.com/exhibitors/exmouth-coffee-roasters,website,"
United Kingdom"
Ferrero Food Services,https://www.caffecultureshow.com/exhibitors/ferrero-food-services,website,"
United Kingdom"
Foundation Roasters,https://www.caffecultureshow.com/exhibitors/foundation-roasters,https://www.foundationroasters.co.uk/,"
United Kingdom"
Garage Coffee Roasters,https://www.caffecultureshow.com/exhibitors/garage-coffee-roasters,website,"
United Kingdom"
Glebe Farm Foods,https://www.caffecultureshow.com/exhibitors/glebe-farm-foods,http://www.glebefarmfoods.co.uk,"
United Kingdom"
Gold Box,https://www.caffecultureshow.com/exhibitors/gold-box,website,"
United Kingdom"
Good Life Coffee,https://www.caffecultureshow.com/exhibitors/good-life-coffee,website,"
United Kingdom"
Hasbean,https://www.caffecultureshow.com/exhibitors/hasbean,website,"
United Kingdom"
Heavenly Cakes,https://www.caffecultureshow.com/exhibitors/heavenly-cakes,website,"
United Kingdom"
Huski Chocolate,https://www.caffecultureshow.com/exhibitors/huski-chocolate,website,"
United Kingdom"
International Trade Centre (ITC),https://www.caffecultureshow.com/exhibitors/international-trade-centre-itc,website,"
United Kingdom"
iSqueeze Ltd,https://www.caffecultureshow.com/exhibitors/isqueeze-ltd,website,"
United Kingdom"
Kriket,https://www.caffecultureshow.com/exhibitors/kriket,website,"
United Kingdom"
La Spaziale,https://www.caffecultureshow.com/exhibitors/la-spaziale,website,"
United Kingdom"
Labelling Solutions,https://www.caffecultureshow.com/exhibitors/labelling-solutions,website,"
United Kingdom"
Lavazza,https://www.caffecultureshow.com/exhibitors/lavazza,website,"
United Kingdom"
London Grade Coffee,https://www.caffecultureshow.com/exhibitors/london-grade-coffee,https://londongradecoffee.com/,"
United Kingdom"
NaturePac,https://www.caffecultureshow.com/exhibitors/naturepac,https://naturepac.co.uk/,"
United Kingdom"
Nelson Catering Equipment,https://www.caffecultureshow.com/exhibitors/nelson-catering-equipment,website,"
United Kingdom"
Ozone Coffee,https://www.caffecultureshow.com/exhibitors/ozone-coffee,website,"
United Kingdom"
Pact Coffee,https://www.caffecultureshow.com/exhibitors/pact-coffee,website,"
United Kingdom"
Pekoe Tea,https://www.caffecultureshow.com/exhibitors/pekoe-tea,website,"
United Kingdom"
Pharmacie Coffee,https://www.caffecultureshow.com/exhibitors/pharmacie-coffee,website,"
United Kingdom"
Polypouch UK,https://www.caffecultureshow.com/exhibitors/polypouch-uk,website,"
United Kingdom"
Redemption Food,https://www.caffecultureshow.com/exhibitors/redemption-food,website,"
United Kingdom"
Rounton Coffee,https://www.caffecultureshow.com/exhibitors/rounton-coffee,https://www.rountoncoffee.co.uk/,"
United Kingdom"
Simply Seedz,https://www.caffecultureshow.com/exhibitors/simply-seedz,http://www.simplyseedz.co.uk,"
United Kingdom"
Speciality Coffee Association,https://www.caffecultureshow.com/exhibitors/speciality-coffee-association,https://sca.coffee,"
United Kingdom"
Sweet Doris,https://www.caffecultureshow.com/exhibitors/sweet-doris,website,"
United Kingdom"
The Caramel Tart Company,https://www.caffecultureshow.com/exhibitors/caramel-tart,http://www.carameltart.co.uk,"
United Kingdom"
The Good Till Company,https://www.caffecultureshow.com/exhibitors/the-good-till-company,http://www.thegoodtill.com,"
United Kingdom"
The Metropolitan Tea,https://www.caffecultureshow.com/exhibitors/the-metropolitan-tea,website,"
United Kingdom"
Toper Coffee Roaster,https://www.caffecultureshow.com/exhibitors/pennine-tea--coffee,http://www.pennineteaandcoffee.co.uk,"
United Kingdom"
Ue Coffee Roasters,https://www.caffecultureshow.com/exhibitors/ue-coffee-roasters,https://uecoffeeroasters.com,"
United Kingdom"
Veg of Lund,https://www.caffecultureshow.com/exhibitors/veg-of-lund,https://vegoflund.se/en/,"
United Kingdom"
Victoria Arduino,https://www.caffecultureshow.com/exhibitors/victoria-arduino,http://www.vamachinery.com,"
United Kingdom"
VortX EcoFilter,https://www.caffecultureshow.com/exhibitors/vortx-ecofilter,website,"
United Kingdom"
Yumchaa,https://www.caffecultureshow.com/exhibitors/aviator-coffee,website,"
United Kingdom"
